Interval,Mutations,Average Weight
"[0, 14]","[(13, 0.3)]",0.8559085746761091
"[15, 29]","[(29, 6.0)]",0.9978500859838532
"[30, 44]",[],0.0
"[45, 59]","[(48, 3.0), (50, 2.5)]",1.0423567094762016
"[60, 84]","[(65, 1.8), (79, 0.2)]",0.716616327650035
"[85, 99]","[(98, 0.8)]",0.37814151644401833
