Sub-subregion,Mutations,Positional Weight
"[1, 30, 0, 29]","[(13, 0.3), (29, 6.0)]",0.8559085746761091
"[2, 30, 30, 59]","[(48, 3.0), (50, 2.5)]",1.0296222800963515
"[3, 40, 60, 99]","[(65, 1.8), (79, 0.2), (98, 0.8)]",0.37814151644401833
