Sub-subregion,Mutations,Positional Weight
"[1, 30, 15, 44]","[(29, 6.0)]",1.1397915972915973
"[2, 40, 45, 84]","[(48, 3.0), (50, 2.5), (65, 1.8), (79, 0.2)]",1.0550911388560515
