Region Number,Region Range,Region Weight
1,"(0, 1199)",0.7690765946739846
2,"(1200, 2399)",0.12652024448994087
3,"(2400, 3599)",0.045950527323088464
4,"(3600, 4799)",0.0
5,"(4800, 5999)",0.0
6,"(6000, 7199)",0.07598430594800779
7,"(7200, 8399)",0.0
8,"(8400, 9599)",0.05616175561710812
9,"(9600, 9999)",0.0
