Region Number,Region Range,Region Weight
1,"(0, 2999)",0.5159358922245356
2,"(3000, 5999)",0.023072166134130333
3,"(6000, 8999)",0.04625738462100148
4,"(9000, 11999)",0.02819931416393708
5,"(12000, 14999)",0.0
6,"(15000, 17999)",0.01337330965968557
7,"(18000, 20999)",0.0
8,"(21000, 23999)",0.0
9,"(24000, 26999)",0.0
10,"(27000, 29999)",0.2293465042204908
